order_id,order_date,customer_id,product_id,store_id,quantity,unit_cost,unit_price,revenue,cost,profit
1,2023-01-01,89,40,1,2,251.14,482.27,964.54,502.28,462.26
18,2023-01-18,21,40,3,8,251.14,482.27,3858.16,2009.12,1849.04
125,2023-05-05,86,40,5,2,251.14,482.27,964.54,502.28,462.26
163,2023-06-12,92,40,4,5,251.14,482.27,2411.35,1255.7,1155.65
183,2023-07-02,63,40,4,3,251.14,482.27,1446.81,753.42,693.39
188,2023-07-07,76,40,5,5,251.14,482.27,2411.35,1255.7,1155.65
211,2023-07-30,94,40,4,5,251.14,482.27,2411.35,1255.7,1155.65
216,2023-08-04,34,40,2,3,251.14,482.27,1446.81,753.42,693.39
299,2023-10-26,62,40,2,2,251.14,482.27,964.54,502.28,462.26
431,2024-03-06,57,40,2,4,251.14,482.27,1929.08,1004.56,924.52
453,2024-03-28,64,40,2,6,251.14,482.27,2893.62,1506.84,1386.78
458,2024-04-02,33,40,3,3,251.14,482.27,1446.81,753.42,693.39
460,2024-04-04,77,40,2,1,251.14,482.27,482.27,251.14,231.13
469,2024-04-13,47,40,5,6,251.14,482.27,2893.62,1506.84,1386.78
511,2024-05-25,17,40,3,9,251.14,482.27,4340.43,2260.26,2080.17
686,2024-11-16,100,40,2,7,251.14,482.27,3375.89,1757.98,1617.91
712,2024-12-12,62,40,2,9,251.14,482.27,4340.43,2260.26,2080.17
806,2025-03-16,60,40,5,8,251.14,482.27,3858.16,2009.12,1849.04
843,2025-04-22,78,40,4,1,251.14,482.27,482.27,251.14,231.13
949,2025-08-06,55,40,5,6,251.14,482.27,2893.62,1506.84,1386.78
2,2023-01-02,99,49,5,1,123.58,156.61,156.61,123.58,33.03
13,2023-01-13,100,49,1,8,123.58,156.61,1252.88,988.64,264.24
27,2023-01-27,76,49,5,9,123.58,156.61,1409.49,1112.22,297.27
186,2023-07-05,93,49,5,3,123.58,156.61,469.83,370.74,99.09
233,2023-08-21,84,49,3,4,123.58,156.61,626.44,494.32,132.12
236,2023-08-24,50,49,4,4,123.58,156.61,626.44,494.32,132.12
305,2023-11-01,19,49,1,6,123.58,156.61,939.66,741.48,198.18
331,2023-11-27,39,49,5,7,123.58,156.61,1096.27,865.06,231.21
345,2023-12-11,9,49,5,7,123.58,156.61,1096.27,865.06,231.21
361,2023-12-27,38,49,4,7,123.58,156.61,1096.27,865.06,231.21
388,2024-01-23,20,49,4,4,123.58,156.61,626.44,494.32,132.12
395,2024-01-30,77,49,1,3,123.58,156.61,469.83,370.74,99.09
399,2024-02-03,25,49,5,1,123.58,156.61,156.61,123.58,33.03
508,2024-05-22,74,49,1,8,123.58,156.61,1252.88,988.64,264.24
608,2024-08-30,19,49,5,6,123.58,156.61,939.66,741.48,198.18
711,2024-12-11,75,49,4,9,123.58,156.61,1409.49,1112.22,297.27
776,2025-02-14,2,49,5,7,123.58,156.61,1096.27,865.06,231.21
789,2025-02-27,95,49,3,1,123.58,156.61,156.61,123.58,33.03
876,2025-05-25,38,49,3,9,123.58,156.61,1409.49,1112.22,297.27
877,2025-05-26,13,49,4,9,123.58,156.61,1409.49,1112.22,297.27
899,2025-06-17,43,49,3,7,123.58,156.61,1096.27,865.06,231.21
950,2025-08-07,40,49,1,2,123.58,156.61,313.22,247.16,66.06
3,2023-01-03,25,7,1,6,43.11,76.85,461.1,258.66,202.44
48,2023-02-17,19,7,4,7,43.11,76.85,537.95,301.77,236.18
79,2023-03-20,54,7,5,9,43.11,76.85,691.65,387.99,303.66
81,2023-03-22,67,7,4,7,43.11,76.85,537.95,301.77,236.18
167,2023-06-16,90,7,4,4,43.11,76.85,307.4,172.44,134.96
264,2023-09-21,74,7,1,7,43.11,76.85,537.95,301.77,236.18
270,2023-09-27,75,7,1,5,43.11,76.85,384.25,215.55,168.7
273,2023-09-30,89,7,2,8,43.11,76.85,614.8,344.88,269.92
376,2024-01-11,54,7,1,2,43.11,76.85,153.7,86.22,67.48
482,2024-04-26,85,7,1,6,43.11,76.85,461.1,258.66,202.44
521,2024-06-04,65,7,3,7,43.11,76.85,537.95,301.77,236.18
556,2024-07-09,30,7,4,8,43.11,76.85,614.8,344.88,269.92
627,2024-09-18,45,7,5,7,43.11,76.85,537.95,301.77,236.18
639,2024-09-30,26,7,1,3,43.11,76.85,230.55,129.33,101.22
731,2024-12-31,79,7,4,9,43.11,76.85,691.65,387.99,303.66
774,2025-02-12,13,7,4,1,43.11,76.85,76.85,43.11,33.74
1000,2025-09-26,92,7,1,5,43.11,76.85,384.25,215.55,168.7
4,2023-01-04,93,1,4,8,256.74,408.62,3268.96,2053.92,1215.04
21,2023-01-21,8,1,1,7,256.74,408.62,2860.34,1797.18,1063.16
32,2023-02-01,38,1,5,1,256.74,408.62,408.62,256.74,151.88
51,2023-02-20,64,1,4,9,256.74,408.62,3677.58,2310.66,1366.92
92,2023-04-02,17,1,1,9,256.74,408.62,3677.58,2310.66,1366.92
177,2023-06-26,48,1,4,9,256.74,408.62,3677.58,2310.66,1366.92
213,2023-08-01,10,1,5,5,256.74,408.62,2043.1,1283.7,759.4
343,2023-12-09,18,1,2,1,256.74,408.62,408.62,256.74,151.88
356,2023-12-22,27,1,3,6,256.74,408.62,2451.72,1540.44,911.28
544,2024-06-27,85,1,4,6,256.74,408.62,2451.72,1540.44,911.28
603,2024-08-25,93,1,1,1,256.74,408.62,408.62,256.74,151.88
842,2025-04-21,66,1,4,8,256.74,408.62,3268.96,2053.92,1215.04
861,2025-05-10,36,1,4,2,256.74,408.62,817.24,513.48,303.76
867,2025-05-16,55,1,5,7,256.74,408.62,2860.34,1797.18,1063.16
893,2025-06-11,2,1,2,9,256.74,408.62,3677.58,2310.66,1366.92
928,2025-07-16,31,1,5,5,256.74,408.62,2043.1,1283.7,759.4
938,2025-07-26,1,1,1,1,256.74,408.62,408.62,256.74,151.88
958,2025-08-15,52,1,4,8,256.74,408.62,3268.96,2053.92,1215.04
998,2025-09-24,20,1,1,1,256.74,408.62,408.62,256.74,151.88
5,2023-01-05,18,32,2,3,471.74,663.43,1990.29,1415.22,575.07
10,2023-01-10,80,32,1,8,471.74,663.43,5307.44,3773.92,1533.52
37,2023-02-06,27,32,3,7,471.74,663.43,4644.01,3302.18,1341.83
46,2023-02-15,61,32,4,5,471.74,663.43,3317.15,2358.7,958.45
65,2023-03-06,53,32,4,8,471.74,663.43,5307.44,3773.92,1533.52
68,2023-03-09,60,32,1,1,471.74,663.43,663.43,471.74,191.69
119,2023-04-29,92,32,3,9,471.74,663.43,5970.87,4245.66,1725.21
261,2023-09-18,8,32,5,6,471.74,663.43,3980.58,2830.44,1150.14
325,2023-11-21,85,32,4,7,471.74,663.43,4644.01,3302.18,1341.83
326,2023-11-22,100,32,5,8,471.74,663.43,5307.44,3773.92,1533.52
407,2024-02-11,32,32,5,1,471.74,663.43,663.43,471.74,191.69
455,2024-03-30,63,32,2,1,471.74,663.43,663.43,471.74,191.69
490,2024-05-04,77,32,4,9,471.74,663.43,5970.87,4245.66,1725.21
504,2024-05-18,53,32,1,7,471.74,663.43,4644.01,3302.18,1341.83
524,2024-06-07,92,32,1,9,471.74,663.43,5970.87,4245.66,1725.21
534,2024-06-17,65,32,1,9,471.74,663.43,5970.87,4245.66,1725.21
563,2024-07-16,38,32,3,5,471.74,663.43,3317.15,2358.7,958.45
581,2024-08-03,34,32,3,9,471.74,663.43,5970.87,4245.66,1725.21
663,2024-10-24,18,32,4,9,471.74,663.43,5970.87,4245.66,1725.21
678,2024-11-08,17,32,5,4,471.74,663.43,2653.72,1886.96,766.76
687,2024-11-17,86,32,5,9,471.74,663.43,5970.87,4245.66,1725.21
721,2024-12-21,40,32,5,6,471.74,663.43,3980.58,2830.44,1150.14
757,2025-01-26,14,32,2,4,471.74,663.43,2653.72,1886.96,766.76
765,2025-02-03,33,32,3,3,471.74,663.43,1990.29,1415.22,575.07
790,2025-02-28,49,32,1,7,471.74,663.43,4644.01,3302.18,1341.83
931,2025-07-19,29,32,1,4,471.74,663.43,2653.72,1886.96,766.76
6,2023-01-06,82,13,5,1,436.37,815.24,815.24,436.37,378.87
310,2023-11-06,19,13,3,3,436.37,815.24,2445.72,1309.11,1136.61
322,2023-11-18,12,13,4,7,436.37,815.24,5706.68,3054.59,2652.09
323,2023-11-19,25,13,2,3,436.37,815.24,2445.72,1309.11,1136.61
373,2024-01-08,31,13,2,1,436.37,815.24,815.24,436.37,378.87
410,2024-02-14,47,13,1,4,436.37,815.24,3260.96,1745.48,1515.48
447,2024-03-22,60,13,2,4,436.37,815.24,3260.96,1745.48,1515.48
450,2024-03-25,92,13,4,6,436.37,815.24,4891.44,2618.22,2273.22
462,2024-04-06,29,13,2,6,436.37,815.24,4891.44,2618.22,2273.22
474,2024-04-18,30,13,1,3,436.37,815.24,2445.72,1309.11,1136.61
499,2024-05-13,81,13,1,7,436.37,815.24,5706.68,3054.59,2652.09
505,2024-05-19,23,13,5,4,436.37,815.24,3260.96,1745.48,1515.48
574,2024-07-27,56,13,1,6,436.37,815.24,4891.44,2618.22,2273.22
652,2024-10-13,87,13,2,4,436.37,815.24,3260.96,1745.48,1515.48
694,2024-11-24,6,13,1,8,436.37,815.24,6521.92,3490.96,3030.96
697,2024-11-27,64,13,1,8,436.37,815.24,6521.92,3490.96,3030.96
748,2025-01-17,68,13,2,1,436.37,815.24,815.24,436.37,378.87
976,2025-09-02,59,13,1,3,436.37,815.24,2445.72,1309.11,1136.61
978,2025-09-04,54,13,2,2,436.37,815.24,1630.48,872.74,757.74
992,2025-09-18,85,13,5,1,436.37,815.24,815.24,436.37,378.87
7,2023-01-07,66,30,3,9,64.33,124.78,1123.02,578.97,544.05
11,2023-01-11,61,30,1,3,64.33,124.78,374.34,192.99,181.35
16,2023-01-16,33,30,2,1,64.33,124.78,124.78,64.33,60.45
29,2023-01-29,86,30,2,5,64.33,124.78,623.9,321.65,302.25
106,2023-04-16,60,30,3,2,64.33,124.78,249.56,128.66,120.9
116,2023-04-26,76,30,2,9,64.33,124.78,1123.02,578.97,544.05
226,2023-08-14,16,30,3,8,64.33,124.78,998.24,514.64,483.6
282,2023-10-09,99,30,4,8,64.33,124.78,998.24,514.64,483.6
321,2023-11-17,99,30,4,2,64.33,124.78,249.56,128.66,120.9
338,2023-12-04,5,30,2,5,64.33,124.78,623.9,321.65,302.25
344,2023-12-10,76,30,2,7,64.33,124.78,873.46,450.31,423.15
349,2023-12-15,7,30,5,4,64.33,124.78,499.12,257.32,241.8
492,2024-05-06,98,30,2,5,64.33,124.78,623.9,321.65,302.25
520,2024-06-03,62,30,5,2,64.33,124.78,249.56,128.66,120.9
528,2024-06-11,26,30,4,4,64.33,124.78,499.12,257.32,241.8
637,2024-09-28,61,30,2,5,64.33,124.78,623.9,321.65,302.25
657,2024-10-18,14,30,2,5,64.33,124.78,623.9,321.65,302.25
695,2024-11-25,52,30,5,4,64.33,124.78,499.12,257.32,241.8
777,2025-02-15,84,30,1,9,64.33,124.78,1123.02,578.97,544.05
815,2025-03-25,85,30,3,1,64.33,124.78,124.78,64.33,60.45
859,2025-05-08,94,30,1,6,64.33,124.78,748.68,385.98,362.7
942,2025-07-30,36,30,3,1,64.33,124.78,124.78,64.33,60.45
8,2023-01-08,54,23,4,1,216.42,289.89,289.89,216.42,73.47
44,2023-02-13,97,23,3,8,216.42,289.89,2319.12,1731.36,587.76
54,2023-02-23,44,23,3,1,216.42,289.89,289.89,216.42,73.47
83,2023-03-24,24,23,4,4,216.42,289.89,1159.56,865.68,293.88
100,2023-04-10,26,23,1,7,216.42,289.89,2029.23,1514.94,514.29
118,2023-04-28,15,23,1,8,216.42,289.89,2319.12,1731.36,587.76
139,2023-05-19,15,23,3,1,216.42,289.89,289.89,216.42,73.47
155,2023-06-04,52,23,3,4,216.42,289.89,1159.56,865.68,293.88
246,2023-09-03,33,23,4,5,216.42,289.89,1449.45,1082.1,367.35
266,2023-09-23,34,23,4,6,216.42,289.89,1739.34,1298.52,440.82
278,2023-10-05,24,23,4,3,216.42,289.89,869.67,649.26,220.41
301,2023-10-28,89,23,2,7,216.42,289.89,2029.23,1514.94,514.29
394,2024-01-29,3,23,1,8,216.42,289.89,2319.12,1731.36,587.76
487,2024-05-01,59,23,2,8,216.42,289.89,2319.12,1731.36,587.76
565,2024-07-18,88,23,2,6,216.42,289.89,1739.34,1298.52,440.82
746,2025-01-15,70,23,5,5,216.42,289.89,1449.45,1082.1,367.35
816,2025-03-26,37,23,1,5,216.42,289.89,1449.45,1082.1,367.35
847,2025-04-26,51,23,2,1,216.42,289.89,289.89,216.42,73.47
916,2025-07-04,82,23,1,1,216.42,289.89,289.89,216.42,73.47
920,2025-07-08,43,23,1,2,216.42,289.89,579.78,432.84,146.94
994,2025-09-20,71,23,4,6,216.42,289.89,1739.34,1298.52,440.82
9,2023-01-09,35,19,5,3,448.57,544.24,1632.72,1345.71,287.01
19,2023-01-19,48,19,2,4,448.57,544.24,2176.96,1794.28,382.68
40,2023-02-09,30,19,3,3,448.57,544.24,1632.72,1345.71,287.01
85,2023-03-26,47,19,4,5,448.57,544.24,2721.2,2242.85,478.35
87,2023-03-28,23,19,2,6,448.57,544.24,3265.44,2691.42,574.02
199,2023-07-18,94,19,3,1,448.57,544.24,544.24,448.57,95.67
230,2023-08-18,92,19,4,1,448.57,544.24,544.24,448.57,95.67
241,2023-08-29,51,19,2,9,448.57,544.24,4898.16,4037.13,861.03
467,2024-04-11,82,19,3,8,448.57,544.24,4353.92,3588.56,765.36
519,2024-06-02,4,19,2,2,448.57,544.24,1088.48,897.14,191.34
600,2024-08-22,96,19,3,4,448.57,544.24,2176.96,1794.28,382.68
751,2025-01-20,97,19,1,9,448.57,544.24,4898.16,4037.13,861.03
762,2025-01-31,100,19,3,1,448.57,544.24,544.24,448.57,95.67
959,2025-08-16,57,19,5,1,448.57,544.24,544.24,448.57,95.67
988,2025-09-14,63,19,4,7,448.57,544.24,3809.68,3139.99,669.69
995,2025-09-21,81,19,2,9,448.57,544.24,4898.16,4037.13,861.03
12,2023-01-12,41,29,1,4,114.94,148.36,593.44,459.76,133.68
15,2023-01-15,68,29,4,6,114.94,148.36,890.16,689.64,200.52
34,2023-02-03,54,29,5,5,114.94,148.36,741.8,574.7,167.1
49,2023-02-18,4,29,3,5,114.94,148.36,741.8,574.7,167.1
89,2023-03-30,27,29,5,8,114.94,148.36,1186.88,919.52,267.36
136,2023-05-16,52,29,3,2,114.94,148.36,296.72,229.88,66.84
180,2023-06-29,16,29,3,6,114.94,148.36,890.16,689.64,200.52
279,2023-10-06,64,29,5,2,114.94,148.36,296.72,229.88,66.84
307,2023-11-03,100,29,5,8,114.94,148.36,1186.88,919.52,267.36
330,2023-11-26,57,29,5,5,114.94,148.36,741.8,574.7,167.1
332,2023-11-28,53,29,5,1,114.94,148.36,148.36,114.94,33.42
380,2024-01-15,90,29,1,5,114.94,148.36,741.8,574.7,167.1
422,2024-02-26,49,29,3,9,114.94,148.36,1335.24,1034.46,300.78
456,2024-03-31,17,29,1,4,114.94,148.36,593.44,459.76,133.68
500,2024-05-14,69,29,3,4,114.94,148.36,593.44,459.76,133.68
530,2024-06-13,54,29,2,6,114.94,148.36,890.16,689.64,200.52
551,2024-07-04,98,29,5,2,114.94,148.36,296.72,229.88,66.84
557,2024-07-10,79,29,1,6,114.94,148.36,890.16,689.64,200.52
570,2024-07-23,5,29,3,8,114.94,148.36,1186.88,919.52,267.36
578,2024-07-31,84,29,2,8,114.94,148.36,1186.88,919.52,267.36
579,2024-08-01,88,29,5,9,114.94,148.36,1335.24,1034.46,300.78
593,2024-08-15,16,29,1,1,114.94,148.36,148.36,114.94,33.42
621,2024-09-12,90,29,3,9,114.94,148.36,1335.24,1034.46,300.78
629,2024-09-20,73,29,4,3,114.94,148.36,445.08,344.82,100.26
756,2025-01-25,90,29,1,4,114.94,148.36,593.44,459.76,133.68
771,2025-02-09,10,29,4,8,114.94,148.36,1186.88,919.52,267.36
856,2025-05-05,15,29,2,2,114.94,148.36,296.72,229.88,66.84
892,2025-06-10,45,29,5,2,114.94,148.36,296.72,229.88,66.84
910,2025-06-28,90,29,1,5,114.94,148.36,741.8,574.7,167.1
930,2025-07-18,51,29,1,6,114.94,148.36,890.16,689.64,200.52
14,2023-01-14,33,45,3,1,253.83,486.77,486.77,253.83,232.94
127,2023-05-07,25,45,4,5,253.83,486.77,2433.85,1269.15,1164.7
137,2023-05-17,42,45,5,3,253.83,486.77,1460.31,761.49,698.82
166,2023-06-15,90,45,5,6,253.83,486.77,2920.62,1522.98,1397.64
169,2023-06-18,23,45,5,9,253.83,486.77,4380.93,2284.47,2096.46
203,2023-07-22,16,45,1,6,253.83,486.77,2920.62,1522.98,1397.64
258,2023-09-15,87,45,1,1,253.83,486.77,486.77,253.83,232.94
294,2023-10-21,23,45,5,5,253.83,486.77,2433.85,1269.15,1164.7
314,2023-11-10,28,45,4,1,253.83,486.77,486.77,253.83,232.94
347,2023-12-13,58,45,5,8,253.83,486.77,3894.16,2030.64,1863.52
381,2024-01-16,19,45,2,9,253.83,486.77,4380.93,2284.47,2096.46
454,2024-03-29,27,45,1,6,253.83,486.77,2920.62,1522.98,1397.64
463,2024-04-07,13,45,4,5,253.83,486.77,2433.85,1269.15,1164.7
476,2024-04-20,33,45,5,1,253.83,486.77,486.77,253.83,232.94
485,2024-04-29,89,45,5,7,253.83,486.77,3407.39,1776.81,1630.58
515,2024-05-29,1,45,2,4,253.83,486.77,1947.08,1015.32,931.76
665,2024-10-26,99,45,4,5,253.83,486.77,2433.85,1269.15,1164.7
750,2025-01-19,84,45,2,2,253.83,486.77,973.54,507.66,465.88
754,2025-01-23,47,45,3,9,253.83,486.77,4380.93,2284.47,2096.46
804,2025-03-14,64,45,5,7,253.83,486.77,3407.39,1776.81,1630.58
825,2025-04-04,89,45,4,2,253.83,486.77,973.54,507.66,465.88
846,2025-04-25,39,45,4,5,253.83,486.77,2433.85,1269.15,1164.7
921,2025-07-09,76,45,3,4,253.83,486.77,1947.08,1015.32,931.76
996,2025-09-22,84,45,2,7,253.83,486.77,3407.39,1776.81,1630.58
17,2023-01-17,14,16,3,1,446.82,550.76,550.76,446.82,103.94
71,2023-03-12,85,16,2,7,446.82,550.76,3855.32,3127.74,727.58
239,2023-08-27,33,16,1,8,446.82,550.76,4406.08,3574.56,831.52
248,2023-09-05,74,16,5,3,446.82,550.76,1652.28,1340.46,311.82
263,2023-09-20,26,16,4,5,446.82,550.76,2753.8,2234.1,519.7
313,2023-11-09,71,16,4,8,446.82,550.76,4406.08,3574.56,831.52
334,2023-11-30,58,16,3,9,446.82,550.76,4956.84,4021.38,935.46
468,2024-04-12,69,16,1,2,446.82,550.76,1101.52,893.64,207.88
596,2024-08-18,4,16,1,2,446.82,550.76,1101.52,893.64,207.88
615,2024-09-06,22,16,5,8,446.82,550.76,4406.08,3574.56,831.52
680,2024-11-10,84,16,2,4,446.82,550.76,2203.04,1787.28,415.76
734,2025-01-03,51,16,3,2,446.82,550.76,1101.52,893.64,207.88
854,2025-05-03,42,16,3,8,446.82,550.76,4406.08,3574.56,831.52
922,2025-07-10,100,16,4,1,446.82,550.76,550.76,446.82,103.94
961,2025-08-18,41,16,4,9,446.82,550.76,4956.84,4021.38,935.46
20,2023-01-20,20,18,2,1,404.68,704.97,704.97,404.68,300.29
78,2023-03-19,95,18,2,6,404.68,704.97,4229.82,2428.08,1801.74
90,2023-03-31,2,18,5,2,404.68,704.97,1409.94,809.36,600.58
143,2023-05-23,8,18,1,2,404.68,704.97,1409.94,809.36,600.58
252,2023-09-09,13,18,2,9,404.68,704.97,6344.73,3642.12,2702.61
280,2023-10-07,99,18,4,8,404.68,704.97,5639.76,3237.44,2402.32
285,2023-10-12,96,18,2,3,404.68,704.97,2114.91,1214.04,900.87
311,2023-11-07,76,18,4,6,404.68,704.97,4229.82,2428.08,1801.74
324,2023-11-20,52,18,5,8,404.68,704.97,5639.76,3237.44,2402.32
352,2023-12-18,40,18,1,2,404.68,704.97,1409.94,809.36,600.58
403,2024-02-07,6,18,5,7,404.68,704.97,4934.79,2832.76,2102.03
443,2024-03-18,36,18,5,9,404.68,704.97,6344.73,3642.12,2702.61
495,2024-05-09,21,18,5,5,404.68,704.97,3524.85,2023.4,1501.45
547,2024-06-30,75,18,4,9,404.68,704.97,6344.73,3642.12,2702.61
612,2024-09-03,92,18,5,5,404.68,704.97,3524.85,2023.4,1501.45
656,2024-10-17,26,18,2,9,404.68,704.97,6344.73,3642.12,2702.61
658,2024-10-19,59,18,1,1,404.68,704.97,704.97,404.68,300.29
744,2025-01-13,44,18,4,5,404.68,704.97,3524.85,2023.4,1501.45
759,2025-01-28,38,18,3,5,404.68,704.97,3524.85,2023.4,1501.45
761,2025-01-30,11,18,1,6,404.68,704.97,4229.82,2428.08,1801.74
805,2025-03-15,22,18,5,4,404.68,704.97,2819.88,1618.72,1201.16
944,2025-08-01,87,18,4,9,404.68,704.97,6344.73,3642.12,2702.61
991,2025-09-17,28,18,4,3,404.68,704.97,2114.91,1214.04,900.87
22,2023-01-22,7,14,3,5,402.82,586.76,2933.8,2014.1,919.7
67,2023-03-08,99,14,2,1,402.82,586.76,586.76,402.82,183.94
75,2023-03-16,67,14,2,3,402.82,586.76,1760.28,1208.46,551.82
123,2023-05-03,87,14,5,8,402.82,586.76,4694.08,3222.56,1471.52
271,2023-09-28,29,14,5,2,402.82,586.76,1173.52,805.64,367.88
289,2023-10-16,96,14,3,5,402.82,586.76,2933.8,2014.1,919.7
348,2023-12-14,17,14,2,6,402.82,586.76,3520.56,2416.92,1103.64
415,2024-02-19,36,14,4,3,402.82,586.76,1760.28,1208.46,551.82
498,2024-05-12,92,14,5,7,402.82,586.76,4107.32,2819.74,1287.58
549,2024-07-02,38,14,3,2,402.82,586.76,1173.52,805.64,367.88
584,2024-08-06,66,14,1,7,402.82,586.76,4107.32,2819.74,1287.58
638,2024-09-29,81,14,3,3,402.82,586.76,1760.28,1208.46,551.82
742,2025-01-11,51,14,5,8,402.82,586.76,4694.08,3222.56,1471.52
819,2025-03-29,78,14,4,3,402.82,586.76,1760.28,1208.46,551.82
820,2025-03-30,26,14,2,3,402.82,586.76,1760.28,1208.46,551.82
828,2025-04-07,72,14,4,3,402.82,586.76,1760.28,1208.46,551.82
853,2025-05-02,72,14,1,6,402.82,586.76,3520.56,2416.92,1103.64
886,2025-06-04,8,14,4,4,402.82,586.76,2347.04,1611.28,735.76
900,2025-06-18,27,14,2,7,402.82,586.76,4107.32,2819.74,1287.58
962,2025-08-19,35,14,1,2,402.82,586.76,1173.52,805.64,367.88
23,2023-01-23,67,47,5,5,142.93,260.69,1303.45,714.65,588.8
56,2023-02-25,30,47,5,2,142.93,260.69,521.38,285.86,235.52
61,2023-03-02,37,47,5,4,142.93,260.69,1042.76,571.72,471.04
93,2023-04-03,33,47,2,3,142.93,260.69,782.07,428.79,353.28
191,2023-07-10,51,47,1,4,142.93,260.69,1042.76,571.72,471.04
197,2023-07-16,69,47,5,4,142.93,260.69,1042.76,571.72,471.04
237,2023-08-25,35,47,2,6,142.93,260.69,1564.14,857.58,706.56
260,2023-09-17,90,47,1,3,142.93,260.69,782.07,428.79,353.28
336,2023-12-02,14,47,5,5,142.93,260.69,1303.45,714.65,588.8
393,2024-01-28,1,47,3,6,142.93,260.69,1564.14,857.58,706.56
411,2024-02-15,21,47,5,9,142.93,260.69,2346.21,1286.37,1059.84
550,2024-07-03,64,47,2,1,142.93,260.69,260.69,142.93,117.76
561,2024-07-14,98,47,4,2,142.93,260.69,521.38,285.86,235.52
583,2024-08-05,53,47,4,3,142.93,260.69,782.07,428.79,353.28
595,2024-08-17,4,47,5,2,142.93,260.69,521.38,285.86,235.52
660,2024-10-21,7,47,4,6,142.93,260.69,1564.14,857.58,706.56
730,2024-12-30,4,47,4,4,142.93,260.69,1042.76,571.72,471.04
827,2025-04-06,40,47,1,6,142.93,260.69,1564.14,857.58,706.56
848,2025-04-27,70,47,1,6,142.93,260.69,1564.14,857.58,706.56
872,2025-05-21,10,47,1,8,142.93,260.69,2085.52,1143.44,942.08
880,2025-05-29,100,47,5,2,142.93,260.69,521.38,285.86,235.52
913,2025-07-01,90,47,3,3,142.93,260.69,782.07,428.79,353.28
934,2025-07-22,41,47,1,1,142.93,260.69,260.69,142.93,117.76
936,2025-07-24,11,47,5,4,142.93,260.69,1042.76,571.72,471.04
948,2025-08-05,54,47,1,2,142.93,260.69,521.38,285.86,235.52
24,2023-01-24,17,50,2,1,76.72,101.98,101.98,76.72,25.26
28,2023-01-28,59,50,5,8,76.72,101.98,815.84,613.76,202.08
47,2023-02-16,48,50,1,1,76.72,101.98,101.98,76.72,25.26
121,2023-05-01,66,50,2,4,76.72,101.98,407.92,306.88,101.04
222,2023-08-10,96,50,3,6,76.72,101.98,611.88,460.32,151.56
277,2023-10-04,73,50,1,3,76.72,101.98,305.94,230.16,75.78
350,2023-12-16,46,50,5,4,76.72,101.98,407.92,306.88,101.04
402,2024-02-06,38,50,5,7,76.72,101.98,713.86,537.04,176.82
452,2024-03-27,100,50,3,8,76.72,101.98,815.84,613.76,202.08
536,2024-06-19,5,50,5,3,76.72,101.98,305.94,230.16,75.78
548,2024-07-01,51,50,2,9,76.72,101.98,917.82,690.48,227.34
626,2024-09-17,90,50,5,8,76.72,101.98,815.84,613.76,202.08
688,2024-11-18,34,50,3,4,76.72,101.98,407.92,306.88,101.04
706,2024-12-06,21,50,1,8,76.72,101.98,815.84,613.76,202.08
723,2024-12-23,24,50,2,4,76.72,101.98,407.92,306.88,101.04
727,2024-12-27,84,50,2,4,76.72,101.98,407.92,306.88,101.04
788,2025-02-26,94,50,2,1,76.72,101.98,101.98,76.72,25.26
885,2025-06-03,29,50,4,2,76.72,101.98,203.96,153.44,50.52
904,2025-06-22,74,50,3,6,76.72,101.98,611.88,460.32,151.56
909,2025-06-27,47,50,2,2,76.72,101.98,203.96,153.44,50.52
915,2025-07-03,62,50,3,9,76.72,101.98,917.82,690.48,227.34
923,2025-07-11,68,50,1,3,76.72,101.98,305.94,230.16,75.78
926,2025-07-14,72,50,4,6,76.72,101.98,611.88,460.32,151.56
943,2025-07-31,54,50,4,4,76.72,101.98,407.92,306.88,101.04
969,2025-08-26,7,50,3,4,76.72,101.98,407.92,306.88,101.04
25,2023-01-25,33,2,2,6,454.25,903.29,5419.74,2725.5,2694.24
91,2023-04-01,90,2,4,1,454.25,903.29,903.29,454.25,449.04
98,2023-04-08,93,2,5,1,454.25,903.29,903.29,454.25,449.04
126,2023-05-06,51,2,3,8,454.25,903.29,7226.32,3634.0,3592.32
175,2023-06-24,34,2,3,5,454.25,903.29,4516.45,2271.25,2245.2
208,2023-07-27,39,2,1,7,454.25,903.29,6323.03,3179.75,3143.28
317,2023-11-13,52,2,4,6,454.25,903.29,5419.74,2725.5,2694.24
497,2024-05-11,6,2,5,1,454.25,903.29,903.29,454.25,449.04
503,2024-05-17,3,2,4,4,454.25,903.29,3613.16,1817.0,1796.16
582,2024-08-04,6,2,5,2,454.25,903.29,1806.58,908.5,898.08
648,2024-10-09,86,2,1,4,454.25,903.29,3613.16,1817.0,1796.16
690,2024-11-20,40,2,5,5,454.25,903.29,4516.45,2271.25,2245.2
701,2024-12-01,59,2,2,2,454.25,903.29,1806.58,908.5,898.08
795,2025-03-05,78,2,3,4,454.25,903.29,3613.16,1817.0,1796.16
821,2025-03-31,62,2,2,9,454.25,903.29,8129.61,4088.25,4041.36
832,2025-04-11,51,2,4,7,454.25,903.29,6323.03,3179.75,3143.28
838,2025-04-17,97,2,1,3,454.25,903.29,2709.87,1362.75,1347.12
887,2025-06-05,5,2,4,9,454.25,903.29,8129.61,4088.25,4041.36
968,2025-08-25,2,2,4,7,454.25,903.29,6323.03,3179.75,3143.28
26,2023-01-26,48,28,4,9,211.62,311.69,2805.21,1904.58,900.63
45,2023-02-14,69,28,5,8,211.62,311.69,2493.52,1692.96,800.56
60,2023-03-01,99,28,3,1,211.62,311.69,311.69,211.62,100.07
173,2023-06-22,58,28,5,6,211.62,311.69,1870.14,1269.72,600.42
421,2024-02-25,47,28,3,7,211.62,311.69,2181.83,1481.34,700.49
448,2024-03-23,50,28,5,2,211.62,311.69,623.38,423.24,200.14
470,2024-04-14,25,28,3,1,211.62,311.69,311.69,211.62,100.07
526,2024-06-09,72,28,1,5,211.62,311.69,1558.45,1058.1,500.35
592,2024-08-14,75,28,3,2,211.62,311.69,623.38,423.24,200.14
682,2024-11-12,68,28,1,4,211.62,311.69,1246.76,846.48,400.28
728,2024-12-28,92,28,3,6,211.62,311.69,1870.14,1269.72,600.42
768,2025-02-06,10,28,3,9,211.62,311.69,2805.21,1904.58,900.63
784,2025-02-22,15,28,3,4,211.62,311.69,1246.76,846.48,400.28
837,2025-04-16,15,28,4,7,211.62,311.69,2181.83,1481.34,700.49
869,2025-05-18,68,28,2,7,211.62,311.69,2181.83,1481.34,700.49
879,2025-05-28,47,28,1,1,211.62,311.69,311.69,211.62,100.07
967,2025-08-24,38,28,1,5,211.62,311.69,1558.45,1058.1,500.35
30,2023-01-30,22,38,1,1,481.41,613.55,613.55,481.41,132.14
105,2023-04-15,13,38,2,6,481.41,613.55,3681.3,2888.46,792.84
148,2023-05-28,6,38,2,4,481.41,613.55,2454.2,1925.64,528.56
153,2023-06-02,55,38,1,8,481.41,613.55,4908.4,3851.28,1057.12
227,2023-08-15,24,38,3,4,481.41,613.55,2454.2,1925.64,528.56
409,2024-02-13,61,38,3,1,481.41,613.55,613.55,481.41,132.14
438,2024-03-13,76,38,1,6,481.41,613.55,3681.3,2888.46,792.84
481,2024-04-25,11,38,3,4,481.41,613.55,2454.2,1925.64,528.56
604,2024-08-26,32,38,2,4,481.41,613.55,2454.2,1925.64,528.56
645,2024-10-06,79,38,4,4,481.41,613.55,2454.2,1925.64,528.56
662,2024-10-23,23,38,5,8,481.41,613.55,4908.4,3851.28,1057.12
668,2024-10-29,89,38,3,5,481.41,613.55,3067.75,2407.05,660.7
702,2024-12-02,70,38,5,9,481.41,613.55,5521.95,4332.69,1189.26
824,2025-04-03,42,38,5,7,481.41,613.55,4294.85,3369.87,924.98
918,2025-07-06,97,38,4,9,481.41,613.55,5521.95,4332.69,1189.26
932,2025-07-20,78,38,1,2,481.41,613.55,1227.1,962.82,264.28
984,2025-09-10,88,38,1,8,481.41,613.55,4908.4,3851.28,1057.12
987,2025-09-13,29,38,4,1,481.41,613.55,613.55,481.41,132.14
31,2023-01-31,30,4,4,9,208.14,361.69,3255.21,1873.26,1381.95
72,2023-03-13,32,4,1,2,208.14,361.69,723.38,416.28,307.1
134,2023-05-14,86,4,1,4,208.14,361.69,1446.76,832.56,614.2
306,2023-11-02,49,4,3,3,208.14,361.69,1085.07,624.42,460.65
351,2023-12-17,13,4,4,2,208.14,361.69,723.38,416.28,307.1
363,2023-12-29,8,4,4,2,208.14,361.69,723.38,416.28,307.1
377,2024-01-12,39,4,1,8,208.14,361.69,2893.52,1665.12,1228.4
414,2024-02-18,75,4,2,4,208.14,361.69,1446.76,832.56,614.2
532,2024-06-15,50,4,4,1,208.14,361.69,361.69,208.14,153.55
537,2024-06-20,94,4,1,5,208.14,361.69,1808.45,1040.7,767.75
571,2024-07-24,29,4,4,1,208.14,361.69,361.69,208.14,153.55
735,2025-01-04,62,4,3,5,208.14,361.69,1808.45,1040.7,767.75
783,2025-02-21,75,4,2,6,208.14,361.69,2170.14,1248.84,921.3
956,2025-08-13,9,4,5,9,208.14,361.69,3255.21,1873.26,1381.95
982,2025-09-08,52,4,3,3,208.14,361.69,1085.07,624.42,460.65
986,2025-09-12,49,4,3,6,208.14,361.69,2170.14,1248.84,921.3
33,2023-02-02,51,8,2,8,148.43,221.79,1774.32,1187.44,586.88
50,2023-02-19,35,8,3,8,148.43,221.79,1774.32,1187.44,586.88
55,2023-02-24,92,8,2,4,148.43,221.79,887.16,593.72,293.44
62,2023-03-03,24,8,4,2,148.43,221.79,443.58,296.86,146.72
242,2023-08-30,43,8,5,3,148.43,221.79,665.37,445.29,220.08
250,2023-09-07,44,8,2,7,148.43,221.79,1552.53,1039.01,513.52
276,2023-10-03,10,8,4,9,148.43,221.79,1996.11,1335.87,660.24
378,2024-01-13,91,8,1,9,148.43,221.79,1996.11,1335.87,660.24
439,2024-03-14,24,8,1,1,148.43,221.79,221.79,148.43,73.36
617,2024-09-08,70,8,3,7,148.43,221.79,1552.53,1039.01,513.52
622,2024-09-13,46,8,2,3,148.43,221.79,665.37,445.29,220.08
650,2024-10-11,90,8,5,2,148.43,221.79,443.58,296.86,146.72
654,2024-10-15,88,8,3,7,148.43,221.79,1552.53,1039.01,513.52
670,2024-10-31,74,8,5,3,148.43,221.79,665.37,445.29,220.08
725,2024-12-25,6,8,2,3,148.43,221.79,665.37,445.29,220.08
726,2024-12-26,66,8,2,6,148.43,221.79,1330.74,890.58,440.16
755,2025-01-24,1,8,4,1,148.43,221.79,221.79,148.43,73.36
812,2025-03-22,60,8,3,8,148.43,221.79,1774.32,1187.44,586.88
864,2025-05-13,57,8,3,1,148.43,221.79,221.79,148.43,73.36
925,2025-07-13,37,8,3,5,148.43,221.79,1108.95,742.15,366.8
929,2025-07-17,9,8,4,8,148.43,221.79,1774.32,1187.44,586.88
947,2025-08-04,63,8,5,1,148.43,221.79,221.79,148.43,73.36
953,2025-08-10,47,8,3,5,148.43,221.79,1108.95,742.15,366.8
35,2023-02-04,8,39,4,3,129.63,248.6,745.8,388.89,356.91
129,2023-05-09,63,39,2,4,129.63,248.6,994.4,518.52,475.88
187,2023-07-06,67,39,5,1,129.63,248.6,248.6,129.63,118.97
219,2023-08-07,10,39,1,6,129.63,248.6,1491.6,777.78,713.82
283,2023-10-10,36,39,5,7,129.63,248.6,1740.2,907.41,832.79
287,2023-10-14,23,39,4,4,129.63,248.6,994.4,518.52,475.88
303,2023-10-30,13,39,1,2,129.63,248.6,497.2,259.26,237.94
328,2023-11-24,23,39,3,6,129.63,248.6,1491.6,777.78,713.82
340,2023-12-06,87,39,1,9,129.63,248.6,2237.4,1166.67,1070.73
369,2024-01-04,45,39,4,1,129.63,248.6,248.6,129.63,118.97
493,2024-05-07,99,39,3,6,129.63,248.6,1491.6,777.78,713.82
502,2024-05-16,5,39,5,5,129.63,248.6,1243.0,648.15,594.85
576,2024-07-29,74,39,5,4,129.63,248.6,994.4,518.52,475.88
700,2024-11-30,56,39,1,3,129.63,248.6,745.8,388.89,356.91
703,2024-12-03,33,39,4,1,129.63,248.6,248.6,129.63,118.97
719,2024-12-19,3,39,1,7,129.63,248.6,1740.2,907.41,832.79
800,2025-03-10,99,39,4,3,129.63,248.6,745.8,388.89,356.91
829,2025-04-08,39,39,2,9,129.63,248.6,2237.4,1166.67,1070.73
833,2025-04-12,38,39,1,8,129.63,248.6,1988.8,1037.04,951.76
911,2025-06-29,46,39,3,2,129.63,248.6,497.2,259.26,237.94
36,2023-02-05,27,3,4,7,128.4,178.94,1252.58,898.8,353.78
52,2023-02-21,49,3,5,7,128.4,178.94,1252.58,898.8,353.78
58,2023-02-27,46,3,5,2,128.4,178.94,357.88,256.8,101.08
99,2023-04-09,42,3,2,9,128.4,178.94,1610.46,1155.6,454.86
221,2023-08-09,58,3,2,5,128.4,178.94,894.7,642.0,252.7
296,2023-10-23,99,3,2,1,128.4,178.94,178.94,128.4,50.54
346,2023-12-12,74,3,5,4,128.4,178.94,715.76,513.6,202.16
389,2024-01-24,92,3,5,2,128.4,178.94,357.88,256.8,101.08
406,2024-02-10,45,3,1,5,128.4,178.94,894.7,642.0,252.7
420,2024-02-24,18,3,4,6,128.4,178.94,1073.64,770.4,303.24
424,2024-02-28,15,3,5,2,128.4,178.94,357.88,256.8,101.08
457,2024-04-01,73,3,1,5,128.4,178.94,894.7,642.0,252.7
589,2024-08-11,55,3,3,6,128.4,178.94,1073.64,770.4,303.24
602,2024-08-24,27,3,3,7,128.4,178.94,1252.58,898.8,353.78
628,2024-09-19,27,3,5,2,128.4,178.94,357.88,256.8,101.08
632,2024-09-23,86,3,2,7,128.4,178.94,1252.58,898.8,353.78
714,2024-12-14,94,3,1,6,128.4,178.94,1073.64,770.4,303.24
739,2025-01-08,75,3,2,6,128.4,178.94,1073.64,770.4,303.24
767,2025-02-05,50,3,3,1,128.4,178.94,178.94,128.4,50.54
803,2025-03-13,40,3,5,2,128.4,178.94,357.88,256.8,101.08
852,2025-05-01,51,3,2,5,128.4,178.94,894.7,642.0,252.7
38,2023-02-07,98,10,2,9,465.2,794.01,7146.09,4186.8,2959.29
39,2023-02-08,21,10,4,7,465.2,794.01,5558.07,3256.4,2301.67
80,2023-03-21,58,10,2,9,465.2,794.01,7146.09,4186.8,2959.29
115,2023-04-25,14,10,1,3,465.2,794.01,2382.03,1395.6,986.43
168,2023-06-17,62,10,3,2,465.2,794.01,1588.02,930.4,657.62
235,2023-08-23,12,10,5,7,465.2,794.01,5558.07,3256.4,2301.67
262,2023-09-19,93,10,1,3,465.2,794.01,2382.03,1395.6,986.43
337,2023-12-03,95,10,2,3,465.2,794.01,2382.03,1395.6,986.43
383,2024-01-18,67,10,5,1,465.2,794.01,794.01,465.2,328.81
489,2024-05-03,49,10,5,5,465.2,794.01,3970.05,2326.0,1644.05
522,2024-06-05,32,10,3,4,465.2,794.01,3176.04,1860.8,1315.24
543,2024-06-26,79,10,2,4,465.2,794.01,3176.04,1860.8,1315.24
685,2024-11-15,18,10,5,3,465.2,794.01,2382.03,1395.6,986.43
769,2025-02-07,5,10,4,8,465.2,794.01,6352.08,3721.6,2630.48
851,2025-04-30,7,10,4,9,465.2,794.01,7146.09,4186.8,2959.29
855,2025-05-04,64,10,2,1,465.2,794.01,794.01,465.2,328.81
857,2025-05-06,29,10,3,9,465.2,794.01,7146.09,4186.8,2959.29
941,2025-07-29,90,10,4,3,465.2,794.01,2382.03,1395.6,986.43
41,2023-02-10,97,46,3,1,30.48,58.21,58.21,30.48,27.73
69,2023-03-10,97,46,5,3,30.48,58.21,174.63,91.44,83.19
117,2023-04-27,87,46,5,7,30.48,58.21,407.47,213.36,194.11
133,2023-05-13,58,46,1,1,30.48,58.21,58.21,30.48,27.73
174,2023-06-23,1,46,2,4,30.48,58.21,232.84,121.92,110.92
329,2023-11-25,16,46,4,7,30.48,58.21,407.47,213.36,194.11
357,2023-12-23,66,46,5,4,30.48,58.21,232.84,121.92,110.92
370,2024-01-05,4,46,5,2,30.48,58.21,116.42,60.96,55.46
382,2024-01-17,39,46,4,9,30.48,58.21,523.89,274.32,249.57
506,2024-05-20,53,46,2,3,30.48,58.21,174.63,91.44,83.19
568,2024-07-21,51,46,2,3,30.48,58.21,174.63,91.44,83.19
618,2024-09-09,1,46,5,8,30.48,58.21,465.68,243.84,221.84
625,2024-09-16,78,46,3,6,30.48,58.21,349.26,182.88,166.38
634,2024-09-25,94,46,4,3,30.48,58.21,174.63,91.44,83.19
659,2024-10-20,56,46,5,1,30.48,58.21,58.21,30.48,27.73
677,2024-11-07,25,46,4,5,30.48,58.21,291.05,152.4,138.65
705,2024-12-05,22,46,1,5,30.48,58.21,291.05,152.4,138.65
752,2025-01-21,20,46,2,1,30.48,58.21,58.21,30.48,27.73
955,2025-08-12,53,46,5,4,30.48,58.21,232.84,121.92,110.92
985,2025-09-11,33,46,5,3,30.48,58.21,174.63,91.44,83.19
42,2023-02-11,28,34,5,8,261.8,485.32,3882.56,2094.4,1788.16
63,2023-03-04,93,34,3,5,261.8,485.32,2426.6,1309.0,1117.6
108,2023-04-18,57,34,4,3,261.8,485.32,1455.96,785.4,670.56
138,2023-05-18,70,34,2,1,261.8,485.32,485.32,261.8,223.52
149,2023-05-29,96,34,2,1,261.8,485.32,485.32,261.8,223.52
164,2023-06-13,58,34,2,3,261.8,485.32,1455.96,785.4,670.56
190,2023-07-09,16,34,2,7,261.8,485.32,3397.24,1832.6,1564.64
205,2023-07-24,90,34,5,8,261.8,485.32,3882.56,2094.4,1788.16
228,2023-08-16,80,34,4,9,261.8,485.32,4367.88,2356.2,2011.68
295,2023-10-22,89,34,3,9,261.8,485.32,4367.88,2356.2,2011.68
320,2023-11-16,69,34,4,8,261.8,485.32,3882.56,2094.4,1788.16
374,2024-01-09,19,34,5,7,261.8,485.32,3397.24,1832.6,1564.64
385,2024-01-20,13,34,2,9,261.8,485.32,4367.88,2356.2,2011.68
417,2024-02-21,19,34,4,5,261.8,485.32,2426.6,1309.0,1117.6
426,2024-03-01,1,34,2,9,261.8,485.32,4367.88,2356.2,2011.68
435,2024-03-10,96,34,4,6,261.8,485.32,2911.92,1570.8,1341.12
459,2024-04-03,84,34,4,9,261.8,485.32,4367.88,2356.2,2011.68
513,2024-05-27,78,34,4,8,261.8,485.32,3882.56,2094.4,1788.16
525,2024-06-08,95,34,5,7,261.8,485.32,3397.24,1832.6,1564.64
567,2024-07-20,30,34,4,2,261.8,485.32,970.64,523.6,447.04
569,2024-07-22,81,34,2,6,261.8,485.32,2911.92,1570.8,1341.12
606,2024-08-28,61,34,1,2,261.8,485.32,970.64,523.6,447.04
708,2024-12-08,70,34,5,7,261.8,485.32,3397.24,1832.6,1564.64
793,2025-03-03,60,34,5,3,261.8,485.32,1455.96,785.4,670.56
797,2025-03-07,9,34,4,1,261.8,485.32,485.32,261.8,223.52
907,2025-06-25,72,34,1,4,261.8,485.32,1941.28,1047.2,894.08
937,2025-07-25,23,34,3,7,261.8,485.32,3397.24,1832.6,1564.64
983,2025-09-09,70,34,4,4,261.8,485.32,1941.28,1047.2,894.08
990,2025-09-16,26,34,4,8,261.8,485.32,3882.56,2094.4,1788.16
43,2023-02-12,64,33,5,3,164.99,285.1,855.3,494.97,360.33
59,2023-02-28,6,33,4,4,164.99,285.1,1140.4,659.96,480.44
82,2023-03-23,46,33,4,3,164.99,285.1,855.3,494.97,360.33
195,2023-07-14,78,33,4,3,164.99,285.1,855.3,494.97,360.33
312,2023-11-08,9,33,1,2,164.99,285.1,570.2,329.98,240.22
464,2024-04-08,46,33,4,5,164.99,285.1,1425.5,824.95,600.55
471,2024-04-15,66,33,2,4,164.99,285.1,1140.4,659.96,480.44
559,2024-07-12,51,33,4,2,164.99,285.1,570.2,329.98,240.22
667,2024-10-28,64,33,2,3,164.99,285.1,855.3,494.97,360.33
684,2024-11-14,67,33,2,9,164.99,285.1,2565.9,1484.91,1080.99
689,2024-11-19,8,33,2,3,164.99,285.1,855.3,494.97,360.33
691,2024-11-21,83,33,1,1,164.99,285.1,285.1,164.99,120.11
692,2024-11-22,42,33,3,3,164.99,285.1,855.3,494.97,360.33
696,2024-11-26,26,33,4,2,164.99,285.1,570.2,329.98,240.22
773,2025-02-11,2,33,1,6,164.99,285.1,1710.6,989.94,720.66
809,2025-03-19,72,33,4,9,164.99,285.1,2565.9,1484.91,1080.99
898,2025-06-16,26,33,3,6,164.99,285.1,1710.6,989.94,720.66
957,2025-08-14,74,33,5,3,164.99,285.1,855.3,494.97,360.33
972,2025-08-29,34,33,1,5,164.99,285.1,1425.5,824.95,600.55
53,2023-02-22,17,24,5,7,409.92,718.49,5029.43,2869.44,2159.99
66,2023-03-07,95,24,2,4,409.92,718.49,2873.96,1639.68,1234.28
113,2023-04-23,8,24,4,2,409.92,718.49,1436.98,819.84,617.14
192,2023-07-11,86,24,4,3,409.92,718.49,2155.47,1229.76,925.71
240,2023-08-28,61,24,2,7,409.92,718.49,5029.43,2869.44,2159.99
291,2023-10-18,12,24,4,5,409.92,718.49,3592.45,2049.6,1542.85
362,2023-12-28,83,24,2,2,409.92,718.49,1436.98,819.84,617.14
371,2024-01-06,36,24,2,6,409.92,718.49,4310.94,2459.52,1851.42
405,2024-02-09,44,24,3,5,409.92,718.49,3592.45,2049.6,1542.85
436,2024-03-11,16,24,4,6,409.92,718.49,4310.94,2459.52,1851.42
466,2024-04-10,6,24,4,6,409.92,718.49,4310.94,2459.52,1851.42
514,2024-05-28,73,24,3,6,409.92,718.49,4310.94,2459.52,1851.42
610,2024-09-01,5,24,2,5,409.92,718.49,3592.45,2049.6,1542.85
631,2024-09-22,47,24,5,9,409.92,718.49,6466.41,3689.28,2777.13
649,2024-10-10,14,24,4,1,409.92,718.49,718.49,409.92,308.57
673,2024-11-03,17,24,1,7,409.92,718.49,5029.43,2869.44,2159.99
780,2025-02-18,73,24,4,9,409.92,718.49,6466.41,3689.28,2777.13
787,2025-02-25,35,24,3,3,409.92,718.49,2155.47,1229.76,925.71
905,2025-06-23,38,24,3,4,409.92,718.49,2873.96,1639.68,1234.28
999,2025-09-25,86,24,1,6,409.92,718.49,4310.94,2459.52,1851.42
57,2023-02-26,93,37,4,2,486.03,677.27,1354.54,972.06,382.48
73,2023-03-14,87,37,3,9,486.03,677.27,6095.43,4374.27,1721.16
104,2023-04-14,24,37,4,5,486.03,677.27,3386.35,2430.15,956.2
140,2023-05-20,54,37,2,6,486.03,677.27,4063.62,2916.18,1147.44
151,2023-05-31,47,37,4,5,486.03,677.27,3386.35,2430.15,956.2
223,2023-08-11,1,37,1,7,486.03,677.27,4740.89,3402.21,1338.68
231,2023-08-19,32,37,2,3,486.03,677.27,2031.81,1458.09,573.72
247,2023-09-04,40,37,1,2,486.03,677.27,1354.54,972.06,382.48
297,2023-10-24,30,37,2,4,486.03,677.27,2709.08,1944.12,764.96
353,2023-12-19,42,37,3,4,486.03,677.27,2709.08,1944.12,764.96
365,2023-12-31,86,37,2,2,486.03,677.27,1354.54,972.06,382.48
366,2024-01-01,17,37,3,9,486.03,677.27,6095.43,4374.27,1721.16
416,2024-02-20,99,37,3,3,486.03,677.27,2031.81,1458.09,573.72
445,2024-03-20,8,37,4,8,486.03,677.27,5418.16,3888.24,1529.92
529,2024-06-12,34,37,2,2,486.03,677.27,1354.54,972.06,382.48
597,2024-08-19,56,37,1,7,486.03,677.27,4740.89,3402.21,1338.68
764,2025-02-02,3,37,3,9,486.03,677.27,6095.43,4374.27,1721.16
782,2025-02-20,9,37,4,6,486.03,677.27,4063.62,2916.18,1147.44
822,2025-04-01,4,37,5,4,486.03,677.27,2709.08,1944.12,764.96
840,2025-04-19,17,37,2,2,486.03,677.27,1354.54,972.06,382.48
871,2025-05-20,66,37,4,6,486.03,677.27,4063.62,2916.18,1147.44
873,2025-05-22,5,37,4,4,486.03,677.27,2709.08,1944.12,764.96
875,2025-05-24,97,37,1,2,486.03,677.27,1354.54,972.06,382.48
889,2025-06-07,47,37,1,1,486.03,677.27,677.27,486.03,191.24
896,2025-06-14,36,37,3,8,486.03,677.27,5418.16,3888.24,1529.92
64,2023-03-05,46,35,2,3,352.99,580.37,1741.11,1058.97,682.14
110,2023-04-20,45,35,1,9,352.99,580.37,5223.33,3176.91,2046.42
189,2023-07-08,26,35,1,5,352.99,580.37,2901.85,1764.95,1136.9
200,2023-07-19,62,35,5,3,352.99,580.37,1741.11,1058.97,682.14
220,2023-08-08,19,35,5,6,352.99,580.37,3482.22,2117.94,1364.28
284,2023-10-11,82,35,4,7,352.99,580.37,4062.59,2470.93,1591.66
292,2023-10-19,55,35,3,8,352.99,580.37,4642.96,2823.92,1819.04
318,2023-11-14,83,35,4,2,352.99,580.37,1160.74,705.98,454.76
327,2023-11-23,53,35,3,7,352.99,580.37,4062.59,2470.93,1591.66
397,2024-02-01,62,35,5,1,352.99,580.37,580.37,352.99,227.38
401,2024-02-05,33,35,1,8,352.99,580.37,4642.96,2823.92,1819.04
408,2024-02-12,45,35,3,8,352.99,580.37,4642.96,2823.92,1819.04
516,2024-05-30,51,35,2,8,352.99,580.37,4642.96,2823.92,1819.04
554,2024-07-07,98,35,2,4,352.99,580.37,2321.48,1411.96,909.52
573,2024-07-26,10,35,3,2,352.99,580.37,1160.74,705.98,454.76
607,2024-08-29,51,35,4,6,352.99,580.37,3482.22,2117.94,1364.28
770,2025-02-08,23,35,2,2,352.99,580.37,1160.74,705.98,454.76
810,2025-03-20,11,35,2,1,352.99,580.37,580.37,352.99,227.38
839,2025-04-18,25,35,5,3,352.99,580.37,1741.11,1058.97,682.14
894,2025-06-12,27,35,3,3,352.99,580.37,1741.11,1058.97,682.14
70,2023-03-11,63,43,4,9,23.26,34.41,309.69,209.34,100.35
132,2023-05-12,58,43,5,1,23.26,34.41,34.41,23.26,11.15
176,2023-06-25,96,43,2,5,23.26,34.41,172.05,116.3,55.75
201,2023-07-20,69,43,4,2,23.26,34.41,68.82,46.52,22.3
204,2023-07-23,90,43,1,9,23.26,34.41,309.69,209.34,100.35
215,2023-08-03,100,43,1,6,23.26,34.41,206.46,139.56,66.9
298,2023-10-25,17,43,1,3,23.26,34.41,103.23,69.78,33.45
367,2024-01-02,71,43,1,1,23.26,34.41,34.41,23.26,11.15
384,2024-01-19,45,43,1,3,23.26,34.41,103.23,69.78,33.45
475,2024-04-19,5,43,2,6,23.26,34.41,206.46,139.56,66.9
484,2024-04-28,63,43,5,4,23.26,34.41,137.64,93.04,44.6
491,2024-05-05,33,43,3,2,23.26,34.41,68.82,46.52,22.3
865,2025-05-14,97,43,1,4,23.26,34.41,137.64,93.04,44.6
870,2025-05-19,86,43,3,3,23.26,34.41,103.23,69.78,33.45
906,2025-06-24,6,43,4,3,23.26,34.41,103.23,69.78,33.45
914,2025-07-02,13,43,2,6,23.26,34.41,206.46,139.56,66.9
940,2025-07-28,21,43,1,4,23.26,34.41,137.64,93.04,44.6
74,2023-03-15,33,21,4,2,59.48,82.15,164.3,118.96,45.34
84,2023-03-25,32,21,1,6,59.48,82.15,492.9,356.88,136.02
144,2023-05-24,53,21,3,4,59.48,82.15,328.6,237.92,90.68
158,2023-06-07,30,21,3,2,59.48,82.15,164.3,118.96,45.34
172,2023-06-21,1,21,4,1,59.48,82.15,82.15,59.48,22.67
181,2023-06-30,61,21,2,5,59.48,82.15,410.75,297.4,113.35
244,2023-09-01,67,21,2,1,59.48,82.15,82.15,59.48,22.67
268,2023-09-25,68,21,3,3,59.48,82.15,246.45,178.44,68.01
594,2024-08-16,8,21,4,5,59.48,82.15,410.75,297.4,113.35
655,2024-10-16,2,21,4,9,59.48,82.15,739.35,535.32,204.03
778,2025-02-16,65,21,2,1,59.48,82.15,82.15,59.48,22.67
807,2025-03-17,64,21,2,3,59.48,82.15,246.45,178.44,68.01
927,2025-07-15,92,21,5,3,59.48,82.15,246.45,178.44,68.01
76,2023-03-17,18,31,5,2,172.12,327.35,654.7,344.24,310.46
160,2023-06-09,17,31,4,5,172.12,327.35,1636.75,860.6,776.15
243,2023-08-31,12,31,3,2,172.12,327.35,654.7,344.24,310.46
281,2023-10-08,49,31,4,1,172.12,327.35,327.35,172.12,155.23
290,2023-10-17,37,31,2,1,172.12,327.35,327.35,172.12,155.23
486,2024-04-30,86,31,2,1,172.12,327.35,327.35,172.12,155.23
494,2024-05-08,1,31,4,7,172.12,327.35,2291.45,1204.84,1086.61
512,2024-05-26,85,31,1,8,172.12,327.35,2618.8,1376.96,1241.84
661,2024-10-22,3,31,1,2,172.12,327.35,654.7,344.24,310.46
720,2024-12-20,31,31,2,7,172.12,327.35,2291.45,1204.84,1086.61
779,2025-02-17,63,31,2,2,172.12,327.35,654.7,344.24,310.46
849,2025-04-28,6,31,5,1,172.12,327.35,327.35,172.12,155.23
912,2025-06-30,12,31,3,6,172.12,327.35,1964.1,1032.72,931.38
960,2025-08-17,26,31,3,9,172.12,327.35,2946.15,1549.08,1397.07
979,2025-09-05,24,31,4,7,172.12,327.35,2291.45,1204.84,1086.61
77,2023-03-18,25,48,1,3,454.59,779.0,2337.0,1363.77,973.23
86,2023-03-27,86,48,5,2,454.59,779.0,1558.0,909.18,648.82
275,2023-10-02,36,48,2,8,454.59,779.0,6232.0,3636.72,2595.28
355,2023-12-21,50,48,4,8,454.59,779.0,6232.0,3636.72,2595.28
441,2024-03-16,8,48,2,7,454.59,779.0,5453.0,3182.13,2270.87
446,2024-03-21,58,48,3,7,454.59,779.0,5453.0,3182.13,2270.87
472,2024-04-16,10,48,1,3,454.59,779.0,2337.0,1363.77,973.23
517,2024-05-31,45,48,3,3,454.59,779.0,2337.0,1363.77,973.23
646,2024-10-07,47,48,1,5,454.59,779.0,3895.0,2272.95,1622.05
814,2025-03-24,35,48,1,5,454.59,779.0,3895.0,2272.95,1622.05
963,2025-08-20,63,48,5,4,454.59,779.0,3116.0,1818.36,1297.64
975,2025-09-01,43,48,4,2,454.59,779.0,1558.0,909.18,648.82
88,2023-03-29,66,36,3,3,185.0,300.39,901.17,555.0,346.17
146,2023-05-26,5,36,3,6,185.0,300.39,1802.34,1110.0,692.34
178,2023-06-27,89,36,2,1,185.0,300.39,300.39,185.0,115.39
185,2023-07-04,22,36,4,2,185.0,300.39,600.78,370.0,230.78
196,2023-07-15,92,36,3,2,185.0,300.39,600.78,370.0,230.78
479,2024-04-23,96,36,4,8,185.0,300.39,2403.12,1480.0,923.12
496,2024-05-10,55,36,3,9,185.0,300.39,2703.51,1665.0,1038.51
535,2024-06-18,54,36,2,9,185.0,300.39,2703.51,1665.0,1038.51
553,2024-07-06,50,36,5,4,185.0,300.39,1201.56,740.0,461.56
643,2024-10-04,99,36,4,2,185.0,300.39,600.78,370.0,230.78
753,2025-01-22,12,36,1,6,185.0,300.39,1802.34,1110.0,692.34
792,2025-03-02,62,36,1,1,185.0,300.39,300.39,185.0,115.39
794,2025-03-04,50,36,4,4,185.0,300.39,1201.56,740.0,461.56
798,2025-03-08,34,36,3,3,185.0,300.39,901.17,555.0,346.17
813,2025-03-23,30,36,5,3,185.0,300.39,901.17,555.0,346.17
845,2025-04-24,51,36,5,5,185.0,300.39,1501.95,925.0,576.95
94,2023-04-04,9,5,1,1,379.0,685.72,685.72,379.0,306.72
103,2023-04-13,25,5,5,6,379.0,685.72,4114.32,2274.0,1840.32
194,2023-07-13,29,5,4,8,379.0,685.72,5485.76,3032.0,2453.76
342,2023-12-08,75,5,5,6,379.0,685.72,4114.32,2274.0,1840.32
391,2024-01-26,61,5,3,3,379.0,685.72,2057.16,1137.0,920.16
392,2024-01-27,39,5,2,1,379.0,685.72,685.72,379.0,306.72
433,2024-03-08,12,5,3,9,379.0,685.72,6171.48,3411.0,2760.48
440,2024-03-15,28,5,2,4,379.0,685.72,2742.88,1516.0,1226.88
449,2024-03-24,28,5,5,3,379.0,685.72,2057.16,1137.0,920.16
483,2024-04-27,26,5,4,1,379.0,685.72,685.72,379.0,306.72
601,2024-08-23,67,5,4,1,379.0,685.72,685.72,379.0,306.72
823,2025-04-02,89,5,3,4,379.0,685.72,2742.88,1516.0,1226.88
841,2025-04-20,97,5,3,4,379.0,685.72,2742.88,1516.0,1226.88
862,2025-05-11,29,5,3,7,379.0,685.72,4800.04,2653.0,2147.04
897,2025-06-15,36,5,3,6,379.0,685.72,4114.32,2274.0,1840.32
933,2025-07-21,40,5,4,9,379.0,685.72,6171.48,3411.0,2760.48
964,2025-08-21,25,5,5,8,379.0,685.72,5485.76,3032.0,2453.76
95,2023-04-05,43,20,2,7,162.41,261.43,1830.01,1136.87,693.14
102,2023-04-12,50,20,3,9,162.41,261.43,2352.87,1461.69,891.18
198,2023-07-17,47,20,4,3,162.41,261.43,784.29,487.23,297.06
341,2023-12-07,93,20,5,9,162.41,261.43,2352.87,1461.69,891.18
379,2024-01-14,74,20,1,6,162.41,261.43,1568.58,974.46,594.12
398,2024-02-02,63,20,3,7,162.41,261.43,1830.01,1136.87,693.14
533,2024-06-16,12,20,1,7,162.41,261.43,1830.01,1136.87,693.14
585,2024-08-07,77,20,1,7,162.41,261.43,1830.01,1136.87,693.14
598,2024-08-20,25,20,4,8,162.41,261.43,2091.44,1299.28,792.16
633,2024-09-24,56,20,5,1,162.41,261.43,261.43,162.41,99.02
642,2024-10-03,8,20,1,1,162.41,261.43,261.43,162.41,99.02
683,2024-11-13,10,20,5,8,162.41,261.43,2091.44,1299.28,792.16
729,2024-12-29,75,20,5,3,162.41,261.43,784.29,487.23,297.06
733,2025-01-02,94,20,2,7,162.41,261.43,1830.01,1136.87,693.14
781,2025-02-19,17,20,4,9,162.41,261.43,2352.87,1461.69,891.18
786,2025-02-24,38,20,3,5,162.41,261.43,1307.15,812.05,495.1
831,2025-04-10,32,20,4,8,162.41,261.43,2091.44,1299.28,792.16
863,2025-05-12,38,20,3,4,162.41,261.43,1045.72,649.64,396.08
868,2025-05-17,33,20,2,7,162.41,261.43,1830.01,1136.87,693.14
884,2025-06-02,15,20,5,5,162.41,261.43,1307.15,812.05,495.1
890,2025-06-08,68,20,3,7,162.41,261.43,1830.01,1136.87,693.14
903,2025-06-21,11,20,3,9,162.41,261.43,2352.87,1461.69,891.18
919,2025-07-07,60,20,5,4,162.41,261.43,1045.72,649.64,396.08
96,2023-04-06,48,11,2,5,405.02,659.62,3298.1,2025.1,1273.0
141,2023-05-21,60,11,5,5,405.02,659.62,3298.1,2025.1,1273.0
182,2023-07-01,64,11,4,7,405.02,659.62,4617.34,2835.14,1782.2
184,2023-07-03,69,11,2,3,405.02,659.62,1978.86,1215.06,763.8
372,2024-01-07,70,11,5,6,405.02,659.62,3957.72,2430.12,1527.6
418,2024-02-22,20,11,3,1,405.02,659.62,659.62,405.02,254.6
434,2024-03-09,74,11,1,9,405.02,659.62,5936.58,3645.18,2291.4
558,2024-07-11,91,11,5,1,405.02,659.62,659.62,405.02,254.6
564,2024-07-17,97,11,5,6,405.02,659.62,3957.72,2430.12,1527.6
580,2024-08-02,69,11,4,5,405.02,659.62,3298.1,2025.1,1273.0
587,2024-08-09,75,11,4,6,405.02,659.62,3957.72,2430.12,1527.6
651,2024-10-12,28,11,4,1,405.02,659.62,659.62,405.02,254.6
664,2024-10-25,38,11,3,4,405.02,659.62,2638.48,1620.08,1018.4
671,2024-11-01,39,11,4,3,405.02,659.62,1978.86,1215.06,763.8
713,2024-12-13,62,11,3,9,405.02,659.62,5936.58,3645.18,2291.4
732,2025-01-01,6,11,3,5,405.02,659.62,3298.1,2025.1,1273.0
743,2025-01-12,45,11,4,6,405.02,659.62,3957.72,2430.12,1527.6
850,2025-04-29,67,11,3,5,405.02,659.62,3298.1,2025.1,1273.0
981,2025-09-07,71,11,5,6,405.02,659.62,3957.72,2430.12,1527.6
997,2025-09-23,49,11,3,1,405.02,659.62,659.62,405.02,254.6
97,2023-04-07,39,42,1,5,146.0,214.8,1074.0,730.0,344.0
145,2023-05-25,60,42,4,8,146.0,214.8,1718.4,1168.0,550.4
156,2023-06-05,16,42,1,6,146.0,214.8,1288.8,876.0,412.8
217,2023-08-05,52,42,5,5,146.0,214.8,1074.0,730.0,344.0
286,2023-10-13,24,42,5,1,146.0,214.8,214.8,146.0,68.8
315,2023-11-11,78,42,1,7,146.0,214.8,1503.6,1022.0,481.6
319,2023-11-15,16,42,5,2,146.0,214.8,429.6,292.0,137.6
400,2024-02-04,56,42,4,9,146.0,214.8,1933.2,1314.0,619.2
428,2024-03-03,3,42,1,9,146.0,214.8,1933.2,1314.0,619.2
478,2024-04-22,18,42,5,4,146.0,214.8,859.2,584.0,275.2
488,2024-05-02,27,42,5,6,146.0,214.8,1288.8,876.0,412.8
709,2024-12-09,4,42,5,5,146.0,214.8,1074.0,730.0,344.0
741,2025-01-10,26,42,4,7,146.0,214.8,1503.6,1022.0,481.6
801,2025-03-11,35,42,3,8,146.0,214.8,1718.4,1168.0,550.4
817,2025-03-27,5,42,4,6,146.0,214.8,1288.8,876.0,412.8
902,2025-06-20,20,42,5,4,146.0,214.8,859.2,584.0,275.2
924,2025-07-12,5,42,4,9,146.0,214.8,1933.2,1314.0,619.2
101,2023-04-11,99,12,2,8,318.53,405.24,3241.92,2548.24,693.68
154,2023-06-03,40,12,4,3,318.53,405.24,1215.72,955.59,260.13
165,2023-06-14,55,12,4,7,318.53,405.24,2836.68,2229.71,606.97
229,2023-08-17,2,12,2,6,318.53,405.24,2431.44,1911.18,520.26
238,2023-08-26,33,12,4,1,318.53,405.24,405.24,318.53,86.71
254,2023-09-11,95,12,2,4,318.53,405.24,1620.96,1274.12,346.84
364,2023-12-30,65,12,4,8,318.53,405.24,3241.92,2548.24,693.68
427,2024-03-02,54,12,4,7,318.53,405.24,2836.68,2229.71,606.97
501,2024-05-15,95,12,3,9,318.53,405.24,3647.16,2866.77,780.39
540,2024-06-23,17,12,3,4,318.53,405.24,1620.96,1274.12,346.84
552,2024-07-05,38,12,5,5,318.53,405.24,2026.2,1592.65,433.55
555,2024-07-08,82,12,4,9,318.53,405.24,3647.16,2866.77,780.39
611,2024-09-02,82,12,3,4,318.53,405.24,1620.96,1274.12,346.84
676,2024-11-06,44,12,3,5,318.53,405.24,2026.2,1592.65,433.55
724,2024-12-24,95,12,1,3,318.53,405.24,1215.72,955.59,260.13
745,2025-01-14,5,12,3,6,318.53,405.24,2431.44,1911.18,520.26
747,2025-01-16,26,12,1,8,318.53,405.24,3241.92,2548.24,693.68
775,2025-02-13,40,12,5,7,318.53,405.24,2836.68,2229.71,606.97
802,2025-03-12,1,12,1,1,318.53,405.24,405.24,318.53,86.71
844,2025-04-23,53,12,2,1,318.53,405.24,405.24,318.53,86.71
858,2025-05-07,33,12,1,3,318.53,405.24,1215.72,955.59,260.13
866,2025-05-15,27,12,4,6,318.53,405.24,2431.44,1911.18,520.26
874,2025-05-23,74,12,4,8,318.53,405.24,3241.92,2548.24,693.68
901,2025-06-19,69,12,4,6,318.53,405.24,2431.44,1911.18,520.26
951,2025-08-08,15,12,4,3,318.53,405.24,1215.72,955.59,260.13
107,2023-04-17,7,9,4,4,84.8,144.66,578.64,339.2,239.44
124,2023-05-04,63,9,1,7,84.8,144.66,1012.62,593.6,419.02
130,2023-05-10,62,9,1,5,84.8,144.66,723.3,424.0,299.3
206,2023-07-25,48,9,4,3,84.8,144.66,433.98,254.4,179.58
209,2023-07-28,100,9,5,5,84.8,144.66,723.3,424.0,299.3
210,2023-07-29,33,9,4,8,84.8,144.66,1157.28,678.4,478.88
274,2023-10-01,21,9,5,3,84.8,144.66,433.98,254.4,179.58
359,2023-12-25,29,9,5,8,84.8,144.66,1157.28,678.4,478.88
396,2024-01-31,92,9,4,5,84.8,144.66,723.3,424.0,299.3
413,2024-02-17,85,9,5,5,84.8,144.66,723.3,424.0,299.3
423,2024-02-27,14,9,2,3,84.8,144.66,433.98,254.4,179.58
429,2024-03-04,16,9,1,2,84.8,144.66,289.32,169.6,119.72
644,2024-10-05,52,9,4,4,84.8,144.66,578.64,339.2,239.44
716,2024-12-16,24,9,1,5,84.8,144.66,723.3,424.0,299.3
718,2024-12-18,9,9,2,8,84.8,144.66,1157.28,678.4,478.88
888,2025-06-06,29,9,1,1,84.8,144.66,144.66,84.8,59.86
971,2025-08-28,91,9,2,9,84.8,144.66,1301.94,763.2,538.74
977,2025-09-03,51,9,3,1,84.8,144.66,144.66,84.8,59.86
109,2023-04-19,36,44,2,7,306.73,546.21,3823.47,2147.11,1676.36
112,2023-04-22,65,44,3,6,306.73,546.21,3277.26,1840.38,1436.88
224,2023-08-12,69,44,1,5,306.73,546.21,2731.05,1533.65,1197.4
225,2023-08-13,4,44,1,1,306.73,546.21,546.21,306.73,239.48
232,2023-08-20,91,44,3,3,306.73,546.21,1638.63,920.19,718.44
293,2023-10-20,13,44,3,8,306.73,546.21,4369.68,2453.84,1915.84
302,2023-10-29,86,44,5,9,306.73,546.21,4915.89,2760.57,2155.32
316,2023-11-12,95,44,5,2,306.73,546.21,1092.42,613.46,478.96
333,2023-11-29,42,44,2,1,306.73,546.21,546.21,306.73,239.48
335,2023-12-01,39,44,5,5,306.73,546.21,2731.05,1533.65,1197.4
591,2024-08-13,95,44,3,3,306.73,546.21,1638.63,920.19,718.44
614,2024-09-05,61,44,1,8,306.73,546.21,4369.68,2453.84,1915.84
630,2024-09-21,26,44,1,1,306.73,546.21,546.21,306.73,239.48
641,2024-10-02,1,44,4,7,306.73,546.21,3823.47,2147.11,1676.36
710,2024-12-10,94,44,2,5,306.73,546.21,2731.05,1533.65,1197.4
758,2025-01-27,64,44,4,9,306.73,546.21,4915.89,2760.57,2155.32
785,2025-02-23,24,44,5,4,306.73,546.21,2184.84,1226.92,957.92
818,2025-03-28,83,44,1,8,306.73,546.21,4369.68,2453.84,1915.84
878,2025-05-27,31,44,2,8,306.73,546.21,4369.68,2453.84,1915.84
883,2025-06-01,56,44,5,9,306.73,546.21,4915.89,2760.57,2155.32
917,2025-07-05,89,44,4,6,306.73,546.21,3277.26,1840.38,1436.88
111,2023-04-21,20,22,2,5,117.83,202.21,1011.05,589.15,421.9
131,2023-05-11,22,22,5,8,117.83,202.21,1617.68,942.64,675.04
157,2023-06-06,13,22,1,3,117.83,202.21,606.63,353.49,253.14
193,2023-07-12,57,22,1,1,117.83,202.21,202.21,117.83,84.38
269,2023-09-26,58,22,1,6,117.83,202.21,1213.26,706.98,506.28
308,2023-11-04,12,22,1,3,117.83,202.21,606.63,353.49,253.14
531,2024-06-14,3,22,2,9,117.83,202.21,1819.89,1060.47,759.42
541,2024-06-24,47,22,3,1,117.83,202.21,202.21,117.83,84.38
545,2024-06-28,14,22,5,8,117.83,202.21,1617.68,942.64,675.04
586,2024-08-08,43,22,2,6,117.83,202.21,1213.26,706.98,506.28
647,2024-10-08,56,22,4,2,117.83,202.21,404.42,235.66,168.76
672,2024-11-02,57,22,2,7,117.83,202.21,1415.47,824.81,590.66
681,2024-11-11,25,22,4,2,117.83,202.21,404.42,235.66,168.76
699,2024-11-29,59,22,1,4,117.83,202.21,808.84,471.32,337.52
737,2025-01-06,66,22,5,3,117.83,202.21,606.63,353.49,253.14
763,2025-02-01,77,22,2,1,117.83,202.21,202.21,117.83,84.38
935,2025-07-23,86,22,3,1,117.83,202.21,202.21,117.83,84.38
114,2023-04-24,16,17,2,3,271.97,454.93,1364.79,815.91,548.88
120,2023-04-30,98,17,4,6,271.97,454.93,2729.58,1631.82,1097.76
122,2023-05-02,32,17,1,1,271.97,454.93,454.93,271.97,182.96
150,2023-05-30,94,17,5,2,271.97,454.93,909.86,543.94,365.92
170,2023-06-19,9,17,2,1,271.97,454.93,454.93,271.97,182.96
202,2023-07-21,76,17,4,8,271.97,454.93,3639.44,2175.76,1463.68
212,2023-07-31,23,17,2,1,271.97,454.93,454.93,271.97,182.96
234,2023-08-22,24,17,4,6,271.97,454.93,2729.58,1631.82,1097.76
245,2023-09-02,65,17,3,3,271.97,454.93,1364.79,815.91,548.88
265,2023-09-22,90,17,5,2,271.97,454.93,909.86,543.94,365.92
288,2023-10-15,62,17,5,9,271.97,454.93,4094.37,2447.73,1646.64
404,2024-02-08,58,17,1,5,271.97,454.93,2274.65,1359.85,914.8
451,2024-03-26,41,17,2,5,271.97,454.93,2274.65,1359.85,914.8
510,2024-05-24,83,17,5,7,271.97,454.93,3184.51,1903.79,1280.72
539,2024-06-22,57,17,3,8,271.97,454.93,3639.44,2175.76,1463.68
542,2024-06-25,23,17,5,1,271.97,454.93,454.93,271.97,182.96
572,2024-07-25,4,17,4,1,271.97,454.93,454.93,271.97,182.96
590,2024-08-12,80,17,4,4,271.97,454.93,1819.72,1087.88,731.84
620,2024-09-11,12,17,5,5,271.97,454.93,2274.65,1359.85,914.8
640,2024-10-01,36,17,1,1,271.97,454.93,454.93,271.97,182.96
653,2024-10-14,78,17,4,4,271.97,454.93,1819.72,1087.88,731.84
675,2024-11-05,90,17,2,8,271.97,454.93,3639.44,2175.76,1463.68
835,2025-04-14,23,17,2,3,271.97,454.93,1364.79,815.91,548.88
945,2025-08-02,57,17,2,6,271.97,454.93,2729.58,1631.82,1097.76
128,2023-05-08,58,25,3,7,431.06,650.64,4554.48,3017.42,1537.06
152,2023-06-01,99,25,5,8,431.06,650.64,5205.12,3448.48,1756.64
214,2023-08-02,69,25,4,4,431.06,650.64,2602.56,1724.24,878.32
218,2023-08-06,95,25,2,2,431.06,650.64,1301.28,862.12,439.16
251,2023-09-08,29,25,3,3,431.06,650.64,1951.92,1293.18,658.74
253,2023-09-10,12,25,3,8,431.06,650.64,5205.12,3448.48,1756.64
309,2023-11-05,61,25,4,2,431.06,650.64,1301.28,862.12,439.16
339,2023-12-05,35,25,5,3,431.06,650.64,1951.92,1293.18,658.74
354,2023-12-20,9,25,1,5,431.06,650.64,3253.2,2155.3,1097.9
375,2024-01-10,61,25,1,8,431.06,650.64,5205.12,3448.48,1756.64
412,2024-02-16,80,25,4,9,431.06,650.64,5855.76,3879.54,1976.22
425,2024-02-29,31,25,5,3,431.06,650.64,1951.92,1293.18,658.74
432,2024-03-07,75,25,2,2,431.06,650.64,1301.28,862.12,439.16
477,2024-04-21,65,25,5,6,431.06,650.64,3903.84,2586.36,1317.48
609,2024-08-31,21,25,2,9,431.06,650.64,5855.76,3879.54,1976.22
619,2024-09-10,5,25,3,6,431.06,650.64,3903.84,2586.36,1317.48
636,2024-09-27,48,25,4,4,431.06,650.64,2602.56,1724.24,878.32
666,2024-10-27,15,25,2,8,431.06,650.64,5205.12,3448.48,1756.64
749,2025-01-18,19,25,4,7,431.06,650.64,4554.48,3017.42,1537.06
830,2025-04-09,14,25,3,5,431.06,650.64,3253.2,2155.3,1097.9
836,2025-04-15,63,25,4,2,431.06,650.64,1301.28,862.12,439.16
908,2025-06-26,23,25,1,3,431.06,650.64,1951.92,1293.18,658.74
954,2025-08-11,73,25,2,9,431.06,650.64,5855.76,3879.54,1976.22
974,2025-08-31,17,25,4,8,431.06,650.64,5205.12,3448.48,1756.64
135,2023-05-15,49,26,2,3,8.44,16.45,49.35,25.32,24.03
171,2023-06-20,12,26,3,4,8.44,16.45,65.8,33.76,32.04
179,2023-06-28,1,26,1,2,8.44,16.45,32.9,16.88,16.02
207,2023-07-26,85,26,2,5,8.44,16.45,82.25,42.2,40.05
256,2023-09-13,2,26,2,1,8.44,16.45,16.45,8.44,8.01
259,2023-09-16,81,26,2,8,8.44,16.45,131.6,67.52,64.08
267,2023-09-24,7,26,3,6,8.44,16.45,98.7,50.64,48.06
300,2023-10-27,84,26,3,8,8.44,16.45,131.6,67.52,64.08
386,2024-01-21,92,26,2,2,8.44,16.45,32.9,16.88,16.02
442,2024-03-17,92,26,2,2,8.44,16.45,32.9,16.88,16.02
546,2024-06-29,66,26,4,6,8.44,16.45,98.7,50.64,48.06
566,2024-07-19,79,26,4,6,8.44,16.45,98.7,50.64,48.06
698,2024-11-28,98,26,5,8,8.44,16.45,131.6,67.52,64.08
704,2024-12-04,53,26,2,7,8.44,16.45,115.15,59.08,56.07
738,2025-01-07,79,26,4,9,8.44,16.45,148.05,75.96,72.09
811,2025-03-21,14,26,3,1,8.44,16.45,16.45,8.44,8.01
891,2025-06-09,76,26,4,3,8.44,16.45,49.35,25.32,24.03
939,2025-07-27,46,26,3,9,8.44,16.45,148.05,75.96,72.09
946,2025-08-03,1,26,1,6,8.44,16.45,98.7,50.64,48.06
966,2025-08-23,75,26,5,1,8.44,16.45,16.45,8.44,8.01
142,2023-05-22,97,6,1,8,118.26,164.39,1315.12,946.08,369.04
161,2023-06-10,63,6,5,5,118.26,164.39,821.95,591.3,230.65
249,2023-09-06,43,6,3,4,118.26,164.39,657.56,473.04,184.52
368,2024-01-03,89,6,5,9,118.26,164.39,1479.51,1064.34,415.17
390,2024-01-25,72,6,4,3,118.26,164.39,493.17,354.78,138.39
444,2024-03-19,90,6,4,8,118.26,164.39,1315.12,946.08,369.04
465,2024-04-09,35,6,5,5,118.26,164.39,821.95,591.3,230.65
518,2024-06-01,77,6,1,9,118.26,164.39,1479.51,1064.34,415.17
560,2024-07-13,63,6,1,6,118.26,164.39,986.34,709.56,276.78
599,2024-08-21,67,6,4,8,118.26,164.39,1315.12,946.08,369.04
715,2024-12-15,95,6,1,6,118.26,164.39,986.34,709.56,276.78
717,2024-12-17,55,6,2,9,118.26,164.39,1479.51,1064.34,415.17
736,2025-01-05,57,6,1,9,118.26,164.39,1479.51,1064.34,415.17
760,2025-01-29,37,6,4,5,118.26,164.39,821.95,591.3,230.65
799,2025-03-09,76,6,1,4,118.26,164.39,657.56,473.04,184.52
834,2025-04-13,97,6,3,7,118.26,164.39,1150.73,827.82,322.91
882,2025-05-31,52,6,1,5,118.26,164.39,821.95,591.3,230.65
895,2025-06-13,95,6,1,2,118.26,164.39,328.78,236.52,92.26
970,2025-08-27,82,6,1,1,118.26,164.39,164.39,118.26,46.13
989,2025-09-15,22,6,4,8,118.26,164.39,1315.12,946.08,369.04
147,2023-05-27,68,41,4,1,153.93,262.68,262.68,153.93,108.75
257,2023-09-14,35,41,2,1,153.93,262.68,262.68,153.93,108.75
387,2024-01-22,58,41,2,4,153.93,262.68,1050.72,615.72,435.0
419,2024-02-23,57,41,3,5,153.93,262.68,1313.4,769.65,543.75
473,2024-04-17,56,41,4,9,153.93,262.68,2364.12,1385.37,978.75
509,2024-05-23,74,41,4,1,153.93,262.68,262.68,153.93,108.75
523,2024-06-06,34,41,2,8,153.93,262.68,2101.44,1231.44,870.0
575,2024-07-28,17,41,3,9,153.93,262.68,2364.12,1385.37,978.75
669,2024-10-30,28,41,1,3,153.93,262.68,788.04,461.79,326.25
674,2024-11-04,86,41,3,7,153.93,262.68,1838.76,1077.51,761.25
693,2024-11-23,41,41,3,8,153.93,262.68,2101.44,1231.44,870.0
722,2024-12-22,36,41,5,5,153.93,262.68,1313.4,769.65,543.75
740,2025-01-09,8,41,4,4,153.93,262.68,1050.72,615.72,435.0
766,2025-02-04,6,41,5,4,153.93,262.68,1050.72,615.72,435.0
791,2025-03-01,69,41,4,1,153.93,262.68,262.68,153.93,108.75
826,2025-04-05,18,41,5,8,153.93,262.68,2101.44,1231.44,870.0
860,2025-05-09,27,41,5,5,153.93,262.68,1313.4,769.65,543.75
965,2025-08-22,90,41,1,7,153.93,262.68,1838.76,1077.51,761.25
973,2025-08-30,91,41,5,2,153.93,262.68,525.36,307.86,217.5
980,2025-09-06,25,41,5,2,153.93,262.68,525.36,307.86,217.5
993,2025-09-19,49,41,3,9,153.93,262.68,2364.12,1385.37,978.75
159,2023-06-08,19,27,1,6,257.82,337.75,2026.5,1546.92,479.58
162,2023-06-11,19,27,1,5,257.82,337.75,1688.75,1289.1,399.65
461,2024-04-05,92,27,1,6,257.82,337.75,2026.5,1546.92,479.58
480,2024-04-24,49,27,3,9,257.82,337.75,3039.75,2320.38,719.37
507,2024-05-21,37,27,2,9,257.82,337.75,3039.75,2320.38,719.37
538,2024-06-21,94,27,4,8,257.82,337.75,2702.0,2062.56,639.44
588,2024-08-10,23,27,1,2,257.82,337.75,675.5,515.64,159.86
616,2024-09-07,21,27,1,2,257.82,337.75,675.5,515.64,159.86
624,2024-09-15,49,27,2,9,257.82,337.75,3039.75,2320.38,719.37
952,2025-08-09,21,27,3,4,257.82,337.75,1351.0,1031.28,319.72
255,2023-09-12,46,15,4,1,97.35,131.35,131.35,97.35,34.0
272,2023-09-29,36,15,5,9,97.35,131.35,1182.15,876.15,306.0
304,2023-10-31,59,15,3,4,97.35,131.35,525.4,389.4,136.0
358,2023-12-24,5,15,4,7,97.35,131.35,919.45,681.45,238.0
360,2023-12-26,37,15,2,2,97.35,131.35,262.7,194.7,68.0
430,2024-03-05,87,15,1,5,97.35,131.35,656.75,486.75,170.0
437,2024-03-12,72,15,1,8,97.35,131.35,1050.8,778.8,272.0
527,2024-06-10,39,15,4,8,97.35,131.35,1050.8,778.8,272.0
562,2024-07-15,52,15,5,5,97.35,131.35,656.75,486.75,170.0
577,2024-07-30,17,15,4,3,97.35,131.35,394.05,292.05,102.0
605,2024-08-27,50,15,5,8,97.35,131.35,1050.8,778.8,272.0
613,2024-09-04,42,15,3,5,97.35,131.35,656.75,486.75,170.0
623,2024-09-14,34,15,3,4,97.35,131.35,525.4,389.4,136.0
635,2024-09-26,63,15,2,4,97.35,131.35,525.4,389.4,136.0
679,2024-11-09,13,15,2,7,97.35,131.35,919.45,681.45,238.0
707,2024-12-07,70,15,1,4,97.35,131.35,525.4,389.4,136.0
772,2025-02-10,44,15,4,7,97.35,131.35,919.45,681.45,238.0
796,2025-03-06,75,15,5,2,97.35,131.35,262.7,194.7,68.0
808,2025-03-18,93,15,4,6,97.35,131.35,788.1,584.1,204.0
881,2025-05-30,88,15,3,6,97.35,131.35,788.1,584.1,204.0
